maria;maria.silva@gmail.com
joao;joao.fernandes@yahoo.com
ana;ana.santos@hotmail.com
pedro;pedro.rodrigues@gmail.com
lucia;lucia.lima@yahoo.com
carlos;carlos.almeida@hotmail.com
marcia;marcia.costa@gmail.com
antonio;antonio.martins@yahoo.com
julia;julia.souza@hotmail.com
roberto;roberto.moraes@gmail.com
patricia;patricia.araujo@yahoo.com
ricardo;ricardo.barbosa@hotmail.com
adriana;adriana.pinto@gmail.com
fernando;fernando.gomes@yahoo.com
raquel;raquel.ribeiro@hotmail.com
sergio;sergio.teixeira@gmail.com
claudia;claudia.cardoso@yahoo.com
alberto;alberto.oliveira@hotmail.com
beatriz;beatriz.cavalcante@gmail.com
filipe;filipe.pereira@yahoo.com
sandra;sandra.silveira@hotmail.com
mateus;mateus.castro@gmail.com
carolina;carolina.nascimento@yahoo.com
renato;renato.dias@hotmail.com
regina;regina.freitas@gmail.com
felipe;felipe.coelho@yahoo.com
helena;helena.cunha@hotmail.com
daniel;daniel.fonseca@gmail.com
camila;camila.mendes@yahoo.com
rodrigo;rodrigo.moreira@hotmail.com
tatiana;tatiana.correia@gmail.com
gabriel;gabriel.lopes@yahoo.com
silvia;silvia.ramos@hotmail.com
andrea;andrea.farias@gmail.com
leandro;leandro.monteiro@yahoo.com
vanessa;vanessa.azevedo@hotmail.com
igor;igor.oliveira@gmail.com
ana_paula;ana.paula.moura@yahoo.com
andre;andre.dantas@hotmail.com
daniela;daniela.ferreira@gmail.com
gustavo;gustavo.santos@yahoo.com
eliane;eliane.costa@hotmail.com
fabio;fabio.rodrigues@gmail.com
priscila;priscila.pinto@yahoo.com
wagner;wagner.almeida@hotmail.com
isabel;isabel.martins@gmail.com
eduardo;eduardo.nunes@yahoo.com
aline;aline.silva@hotmail.com
marcos;marcos.souza@gmail.com
laura;laura.fernandes@yahoo.com
rodrigo_santos;rodrigo.santos@hotmail.com
luiza;luiza.rodrigues@gmail.com
vinicius;vinicius.oliveira@yahoo.com
mariana;mariana.ramos@hotmail.com
rogerio;rogerio.melo@gmail.com
leticia;leticia.barros@yahoo.com
paulo;paulo.dias@hotmail.com
bruna;bruna.pereira@gmail.com
thiago;thiago.martins@yahoo.com
ana_clara;ana.clara.souza@hotmail.com
natalia;natalia.freitas@gmail.com
marcelo;marcelo.alves@yahoo.com
carla;carla.monteiro@hotmail.com
rafael;rafael.mendes@gmail.com
jaqueline;jaqueline.carvalho@yahoo.com
leonardo;leonardo.azevedo@hotmail.com
larissa;larissa.silva@gmail.com
samuel;samuel.rodrigues@yahoo.com
bianca;bianca.santos@hotmail.com
david;david.martins@gmail.com
veronica;veronica.costa@yahoo.com
bernardo;bernardo.fernandes@hotmail.com
cintia;cintia.rodrigues@gmail.com
vitor;vitor.moura@yahoo.com
graciela;graciela.pereira@hotmail.com
hugo;hugo.monteiro@gmail.com
carol;carol.azevedo@yahoo.com
gilberto;gilberto.oliveira@hotmail.com
andressa;andressa.silva@gmail.com
jorge;jorge.souza@yahoo.com
ana_luiza;ana.luiza.fernandes@hotmail.com
luciano;luciano.rodrigues@gmail.com
melissa;melissa.martins@yahoo.com
marcio;marcio.costa@hotmail.com
maira;maira.oliveira@gmail.com
francisco;francisco.santos@yahoo.com
monica;monica.martins@hotmail.com
joana;joana.fernandes@gmail.com
caio;caio.rodrigues@yahoo.com
luana;luana.costa@hotmail.com
helio;helio.oliveira@gmail.com
marcela;marcela.silva@yahoo.com
fabiana;fabiana.rodrigues@hotmail.com
vicente;vicente.santos@gmail.com
erica;erica.martins@yahoo.com
murilo;murilo.fernandes@hotmail.com
flavia;flavia.rodrigues@gmail.com
